,split_1_CORR,S_1_RMSE,split_2_CORR,S_2_RMSE,split_3_CORR,S_3_RMSE,FEATURES,NUM_FEATURES
0,0.4156159430512242,4572.097689557317,-0.8867124077751735,11512.05869434094,0.14010019469307136,5103.3564644958915,"('bitcoin_Google_Trends_prev_month', 'bitcoin_Low_prev_month', 'bitcoin_High_prev_month', 'bitcoin_Price_prev_month', 'cryptocurrency_Google_Trends_prev_month', 'alibaba_Low_prev_month')",6
1,0.40563386262025825,4457.989706808454,-0.8945855952820155,23201.89423330957,-0.5522913828351896,5963.224401533535,"('bitcoin_Google_Trends_prev_month', 'bitcoin_Low_prev_month', 'bitcoin_High_prev_month', 'bitcoin_Price_prev_month', 'cryptocurrency_Google_Trends_prev_month', 'alibaba_Price_prev_month')",6
2,0.42795635325857556,4770.164140571284,-0.8947408995608859,37679.000268500124,-0.5666653532109364,6037.797265756437,"('bitcoin_Google_Trends_prev_month', 'bitcoin_Low_prev_month', 'bitcoin_High_prev_month', 'bitcoin_Price_prev_month', 'cryptocurrency_Google_Trends_prev_month', 'alibaba_High_prev_month')",6
3,0.4076418896976081,4364.301481060336,0.7208351252142879,2863.0300554647683,-0.443007632471581,5620.678276883845,"('bitcoin_Google_Trends_prev_month', 'bitcoin_Low_prev_month', 'bitcoin_High_prev_month', 'bitcoin_Price_prev_month', 'cryptocurrency_Google_Trends_prev_month', 'amazon_High_prev_month')",6
4,0.3384487579383334,4666.15830419887,-0.6193840102400746,3824.9087560216235,-0.6662730993522396,5633.478111542985,"('bitcoin_Google_Trends_prev_month', 'bitcoin_Low_prev_month', 'bitcoin_High_prev_month', 'bitcoin_Price_prev_month', 'cryptocurrency_Google_Trends_prev_month', 'economy_pos_sents_prev_month')",6
5,0.4571482513400412,4826.3942115371565,-0.8605262224627703,9170.791628430505,0.36098112898245227,5639.576734148403,"('bitcoin_Google_Trends_prev_month', 'bitcoin_Low_prev_month', 'bitcoin_High_prev_month', 'bitcoin_Price_prev_month', 'alibaba_Low_prev_month', 'alibaba_Price_prev_month')",6
6,0.4134114641261357,4225.367951013259,-0.8650580540748759,6703.54229917254,0.8121878711583039,4986.976022707229,"('bitcoin_Google_Trends_prev_month', 'bitcoin_Low_prev_month', 'bitcoin_High_prev_month', 'bitcoin_Price_prev_month', 'alibaba_Low_prev_month', 'alibaba_High_prev_month')",6
7,0.42511742369172023,4457.578997853904,0.8800608598960181,2375.671014850168,-0.19573138600323042,6243.715432112948,"('bitcoin_Google_Trends_prev_month', 'bitcoin_Low_prev_month', 'bitcoin_High_prev_month', 'bitcoin_Price_prev_month', 'alibaba_Low_prev_month', 'amazon_High_prev_month')",6
8,0.4443633882492534,4617.046552780656,-0.15871187202944906,3672.775970509942,-0.48205127323413105,6917.313840112158,"('bitcoin_Google_Trends_prev_month', 'bitcoin_Low_prev_month', 'bitcoin_High_prev_month', 'bitcoin_Price_prev_month', 'alibaba_Low_prev_month', 'economy_pos_sents_prev_month')",6
9,0.4162285647117897,4378.028781020531,-0.8740971094746406,6549.685187562475,-0.6211187691814465,5926.558097802844,"('bitcoin_Google_Trends_prev_month', 'bitcoin_Low_prev_month', 'bitcoin_High_prev_month', 'bitcoin_Price_prev_month', 'alibaba_Price_prev_month', 'alibaba_High_prev_month')",6
10,0.32080850432574515,4614.025945747109,0.8624497864461396,2865.837337228215,-0.6618507141681682,5248.867558593562,"('bitcoin_Google_Trends_prev_month', 'bitcoin_Low_prev_month', 'bitcoin_High_prev_month', 'bitcoin_Price_prev_month', 'alibaba_Price_prev_month', 'amazon_High_prev_month')",6
11,0.4425620472938666,4596.552930155965,0.04191835452628786,3526.7039105737394,-0.47809996405695504,7006.421910038888,"('bitcoin_Google_Trends_prev_month', 'bitcoin_Low_prev_month', 'bitcoin_High_prev_month', 'bitcoin_Price_prev_month', 'alibaba_Price_prev_month', 'economy_pos_sents_prev_month')",6
12,0.42040585135412756,4529.761361289766,-0.8766299769389123,11430.789191463678,-0.7178448684440372,5666.247186953021,"('bitcoin_Google_Trends_prev_month', 'bitcoin_Low_prev_month', 'bitcoin_High_prev_month', 'bitcoin_Price_prev_month', 'alibaba_High_prev_month', 'amazon_High_prev_month')",6
13,0.44173866440339293,4599.36217756128,0.6624016937831669,2675.2332324069257,-0.46829238114752497,6918.823444629065,"('bitcoin_Google_Trends_prev_month', 'bitcoin_Low_prev_month', 'bitcoin_High_prev_month', 'bitcoin_Price_prev_month', 'alibaba_High_prev_month', 'economy_pos_sents_prev_month')",6
14,0.42701606535621384,4575.351985458112,0.17140535269283663,5643.103707166133,-0.485787191558588,5833.17691868033,"('bitcoin_Google_Trends_prev_month', 'bitcoin_Low_prev_month', 'bitcoin_High_prev_month', 'bitcoin_Price_prev_month', 'amazon_High_prev_month', 'economy_pos_sents_prev_month')",6
15,0.27490264376551893,5236.686591510979,-0.860860972296631,7748.729083933305,0.2741901692767093,4233.575529566547,"('bitcoin_Google_Trends_prev_month', 'bitcoin_Low_prev_month', 'bitcoin_High_prev_month', 'cryptocurrency_Google_Trends_prev_month', 'alibaba_Low_prev_month', 'alibaba_Price_prev_month')",6
16,0.40930543609602754,4630.3187893837285,0.8281873430616535,913.3269899161367,0.25798216048618133,3230.98241285973,"('bitcoin_Google_Trends_prev_month', 'bitcoin_Low_prev_month', 'bitcoin_High_prev_month', 'cryptocurrency_Google_Trends_prev_month', 'alibaba_Low_prev_month', 'alibaba_High_prev_month')",6
17,0.4080587559135668,4454.16203828102,-0.81852947588551,4167.939859684419,-0.8275177605008973,5986.524217693691,"('bitcoin_Google_Trends_prev_month', 'bitcoin_Low_prev_month', 'bitcoin_High_prev_month', 'cryptocurrency_Google_Trends_prev_month', 'alibaba_Low_prev_month', 'amazon_High_prev_month')",6
18,0.4083128093869441,4655.415520091501,0.713837344684913,2232.1025791039538,-0.4936051858327619,7359.008414677499,"('bitcoin_Google_Trends_prev_month', 'bitcoin_Low_prev_month', 'bitcoin_High_prev_month', 'cryptocurrency_Google_Trends_prev_month', 'alibaba_Low_prev_month', 'economy_pos_sents_prev_month')",6
19,0.4113732650263788,4553.162383911432,-0.8643179679820264,8685.389287658163,-0.6638932723421952,7835.951360488067,"('bitcoin_Google_Trends_prev_month', 'bitcoin_Low_prev_month', 'bitcoin_High_prev_month', 'cryptocurrency_Google_Trends_prev_month', 'alibaba_Price_prev_month', 'alibaba_High_prev_month')",6
20,-0.2773789492969897,6820.892708888296,0.6148727860937768,2771.6667188449337,-0.7904782343739115,6018.151148835723,"('bitcoin_Google_Trends_prev_month', 'bitcoin_Low_prev_month', 'bitcoin_High_prev_month', 'cryptocurrency_Google_Trends_prev_month', 'alibaba_Price_prev_month', 'amazon_High_prev_month')",6
21,0.4063151440962869,4575.548383751774,0.5696249546752745,2803.3831386137667,-0.6409440647101531,6683.37797653925,"('bitcoin_Google_Trends_prev_month', 'bitcoin_Low_prev_month', 'bitcoin_High_prev_month', 'cryptocurrency_Google_Trends_prev_month', 'alibaba_Price_prev_month', 'economy_pos_sents_prev_month')",6
22,0.39438763604160443,5340.521937072962,0.47942728364788084,4302.897246822539,-0.8413694712423023,5963.335335711674,"('bitcoin_Google_Trends_prev_month', 'bitcoin_Low_prev_month', 'bitcoin_High_prev_month', 'cryptocurrency_Google_Trends_prev_month', 'alibaba_High_prev_month', 'amazon_High_prev_month')",6
23,0.40701023382959717,4611.04261532862,0.7874684923109282,1332.2346774541245,-0.49022148436257723,7224.310106638169,"('bitcoin_Google_Trends_prev_month', 'bitcoin_Low_prev_month', 'bitcoin_High_prev_month', 'cryptocurrency_Google_Trends_prev_month', 'alibaba_High_prev_month', 'economy_pos_sents_prev_month')",6
24,0.37270287944532926,4574.663703510549,0.8806023417077493,938.9038158169333,-0.6578951306891502,6149.0033216520005,"('bitcoin_Google_Trends_prev_month', 'bitcoin_Low_prev_month', 'bitcoin_High_prev_month', 'cryptocurrency_Google_Trends_prev_month', 'amazon_High_prev_month', 'economy_pos_sents_prev_month')",6
25,0.428524933933503,4978.7081796416705,-0.8599497366861631,5407.744511250989,0.524286854255592,6334.9441457531675,"('bitcoin_Google_Trends_prev_month', 'bitcoin_Low_prev_month', 'bitcoin_High_prev_month', 'alibaba_Low_prev_month', 'alibaba_Price_prev_month', 'alibaba_High_prev_month')",6
26,0.3835199949912909,4420.037191579534,-0.7799232426147087,7779.678563244202,0.2847281976940547,6257.448283450241,"('bitcoin_Google_Trends_prev_month', 'bitcoin_Low_prev_month', 'bitcoin_High_prev_month', 'alibaba_Low_prev_month', 'alibaba_Price_prev_month', 'amazon_High_prev_month')",6
27,0.42315670420240525,4679.700409774283,-0.82532273610341,5873.291346539028,-0.38334108740156075,7026.292019025821,"('bitcoin_Google_Trends_prev_month', 'bitcoin_Low_prev_month', 'bitcoin_High_prev_month', 'alibaba_Low_prev_month', 'alibaba_Price_prev_month', 'economy_pos_sents_prev_month')",6
28,0.41859641959426275,4563.946367639032,-0.8264294395010602,8303.199832657232,0.32178391683438273,5815.604086983965,"('bitcoin_Google_Trends_prev_month', 'bitcoin_Low_prev_month', 'bitcoin_High_prev_month', 'alibaba_Low_prev_month', 'alibaba_High_prev_month', 'amazon_High_prev_month')",6
29,0.42903795526073674,4648.23022259475,0.784671885699158,1761.3809344872247,-0.5352548501962818,7521.4563341891535,"('bitcoin_Google_Trends_prev_month', 'bitcoin_Low_prev_month', 'bitcoin_High_prev_month', 'alibaba_Low_prev_month', 'alibaba_High_prev_month', 'economy_pos_sents_prev_month')",6
30,0.42186615767125313,4637.208591749567,0.8544412383941437,2934.6871824700656,-0.23812327829802366,6220.9648264840225,"('bitcoin_Google_Trends_prev_month', 'bitcoin_Low_prev_month', 'bitcoin_High_prev_month', 'alibaba_Low_prev_month', 'amazon_High_prev_month', 'economy_pos_sents_prev_month')",6
31,0.4600797777341208,5118.006078301348,-0.8257491249930073,6150.910815069262,0.15792970233249254,5399.637165811001,"('bitcoin_Google_Trends_prev_month', 'bitcoin_Low_prev_month', 'bitcoin_High_prev_month', 'alibaba_Price_prev_month', 'alibaba_High_prev_month', 'amazon_High_prev_month')",6
32,0.4813136129775524,4770.140013151322,0.6399350718289057,2735.2268067771693,-0.3431337998720276,7011.369979561564,"('bitcoin_Google_Trends_prev_month', 'bitcoin_Low_prev_month', 'bitcoin_High_prev_month', 'alibaba_Price_prev_month', 'alibaba_High_prev_month', 'economy_pos_sents_prev_month')",6
33,0.4210095049886796,4582.99153748679,0.9088870884278707,2388.3284876720586,-0.2918670343780108,6249.519215560177,"('bitcoin_Google_Trends_prev_month', 'bitcoin_Low_prev_month', 'bitcoin_High_prev_month', 'alibaba_Price_prev_month', 'amazon_High_prev_month', 'economy_pos_sents_prev_month')",6
34,0.4217171520521014,4605.955508792827,0.9186069787709528,1947.8767321331525,-0.19239644275005066,5981.395303993452,"('bitcoin_Google_Trends_prev_month', 'bitcoin_Low_prev_month', 'bitcoin_High_prev_month', 'alibaba_High_prev_month', 'amazon_High_prev_month', 'economy_pos_sents_prev_month')",6
35,0.3799985330395488,4720.3419165798105,-0.8598906761350111,7640.346557018535,-0.591604355637389,9097.154050571902,"('bitcoin_Google_Trends_prev_month', 'bitcoin_Low_prev_month', 'bitcoin_Price_prev_month', 'cryptocurrency_Google_Trends_prev_month', 'alibaba_Low_prev_month', 'alibaba_Price_prev_month')",6
36,0.491814719658404,6027.986067968865,-0.8686914713268891,6548.555675593441,0.24177003036450884,3624.0814366824625,"('bitcoin_Google_Trends_prev_month', 'bitcoin_Low_prev_month', 'bitcoin_Price_prev_month', 'cryptocurrency_Google_Trends_prev_month', 'alibaba_Low_prev_month', 'alibaba_High_prev_month')",6
37,0.44693939859137033,4664.798507994222,0.16734941711304976,3241.555694063588,-0.8363622112363647,6066.050013456248,"('bitcoin_Google_Trends_prev_month', 'bitcoin_Low_prev_month', 'bitcoin_Price_prev_month', 'cryptocurrency_Google_Trends_prev_month', 'alibaba_Low_prev_month', 'amazon_High_prev_month')",6
38,0.4491410209040132,4820.705513845246,0.7864995517625349,1571.300443753791,-0.5817429215164469,7223.3296145313025,"('bitcoin_Google_Trends_prev_month', 'bitcoin_Low_prev_month', 'bitcoin_Price_prev_month', 'cryptocurrency_Google_Trends_prev_month', 'alibaba_Low_prev_month', 'economy_pos_sents_prev_month')",6
39,0.4410042930966946,4579.218477212422,0.8195105981374866,2492.895354533758,0.3393590029330122,4762.6399522831025,"('bitcoin_Google_Trends_prev_month', 'bitcoin_Low_prev_month', 'bitcoin_Price_prev_month', 'cryptocurrency_Google_Trends_prev_month', 'alibaba_Price_prev_month', 'alibaba_High_prev_month')",6
40,0.47454665867511314,4753.635076990749,0.4482379247208221,4162.620528691196,-0.7824350731994274,5842.347567037484,"('bitcoin_Google_Trends_prev_month', 'bitcoin_Low_prev_month', 'bitcoin_Price_prev_month', 'cryptocurrency_Google_Trends_prev_month', 'alibaba_Price_prev_month', 'amazon_High_prev_month')",6
41,0.4366298909751388,4535.4590156539825,0.79534359293903,1554.8688200213805,-0.5770602594839598,6294.906669745982,"('bitcoin_Google_Trends_prev_month', 'bitcoin_Low_prev_month', 'bitcoin_Price_prev_month', 'cryptocurrency_Google_Trends_prev_month', 'alibaba_Price_prev_month', 'economy_pos_sents_prev_month')",6
42,0.540101755010529,4957.284909231097,0.47561901664076583,2948.618953182275,-0.76564976749336,5886.122937036993,"('bitcoin_Google_Trends_prev_month', 'bitcoin_Low_prev_month', 'bitcoin_Price_prev_month', 'cryptocurrency_Google_Trends_prev_month', 'alibaba_High_prev_month', 'amazon_High_prev_month')",6
43,0.4378530833639234,4575.633672903664,0.8073964339620591,1025.0885728767976,-0.5791770749806159,6329.906818420469,"('bitcoin_Google_Trends_prev_month', 'bitcoin_Low_prev_month', 'bitcoin_Price_prev_month', 'cryptocurrency_Google_Trends_prev_month', 'alibaba_High_prev_month', 'economy_pos_sents_prev_month')",6
44,0.43828678438276253,4980.340515919504,0.5203215389879333,4534.255112838183,0.22695597759794944,5360.882640068875,"('bitcoin_Google_Trends_prev_month', 'bitcoin_Low_prev_month', 'bitcoin_Price_prev_month', 'cryptocurrency_Google_Trends_prev_month', 'amazon_High_prev_month', 'economy_pos_sents_prev_month')",6
45,0.5039991827420337,5127.685421634891,-0.8620292088466551,9237.368729871241,0.6760301886243693,5229.206161188625,"('bitcoin_Google_Trends_prev_month', 'bitcoin_Low_prev_month', 'bitcoin_Price_prev_month', 'alibaba_Low_prev_month', 'alibaba_Price_prev_month', 'alibaba_High_prev_month')",6
46,0.4453970144223313,4544.443356737087,-0.7743423335925259,7420.663895342251,0.564972394154247,6053.249297407246,"('bitcoin_Google_Trends_prev_month', 'bitcoin_Low_prev_month', 'bitcoin_Price_prev_month', 'alibaba_Low_prev_month', 'alibaba_Price_prev_month', 'amazon_High_prev_month')",6
47,0.4794824642525139,4603.801239992996,-0.7761064541610828,5069.039184464054,-0.5650958219804667,7546.214265850988,"('bitcoin_Google_Trends_prev_month', 'bitcoin_Low_prev_month', 'bitcoin_Price_prev_month', 'alibaba_Low_prev_month', 'alibaba_Price_prev_month', 'economy_pos_sents_prev_month')",6
48,0.46192460928231843,4541.417244695116,-0.8875978880539954,9050.250861991433,0.5420788153143221,5839.04620198189,"('bitcoin_Google_Trends_prev_month', 'bitcoin_Low_prev_month', 'bitcoin_Price_prev_month', 'alibaba_Low_prev_month', 'alibaba_High_prev_month', 'amazon_High_prev_month')",6
49,0.4695413929644265,4620.806648697189,0.7896541040621591,1523.506547961872,-0.2679159268863096,6672.913505362843,"('bitcoin_Google_Trends_prev_month', 'bitcoin_Low_prev_month', 'bitcoin_Price_prev_month', 'alibaba_Low_prev_month', 'alibaba_High_prev_month', 'economy_pos_sents_prev_month')",6
50,0.4654182886131543,4574.993694333142,0.9039927244508075,1303.7600234105105,0.04421814038177308,5953.934178610739,"('bitcoin_Google_Trends_prev_month', 'bitcoin_Low_prev_month', 'bitcoin_Price_prev_month', 'alibaba_Low_prev_month', 'amazon_High_prev_month', 'economy_pos_sents_prev_month')",6
51,0.4553548828590755,4360.12563570761,-0.774977623683188,5774.72746146796,-0.7629885894493273,8470.795065923454,"('bitcoin_Google_Trends_prev_month', 'bitcoin_Low_prev_month', 'bitcoin_Price_prev_month', 'alibaba_Price_prev_month', 'alibaba_High_prev_month', 'amazon_High_prev_month')",6
52,0.4995185177870115,4755.199238721738,0.8102856654939725,1025.771284348828,-0.2880572124429192,6648.492947332483,"('bitcoin_Google_Trends_prev_month', 'bitcoin_Low_prev_month', 'bitcoin_Price_prev_month', 'alibaba_Price_prev_month', 'alibaba_High_prev_month', 'economy_pos_sents_prev_month')",6
53,0.46429569507185,4539.726230689744,0.8689236919236419,2783.3005883472265,-0.021450260893088553,5896.987374349951,"('bitcoin_Google_Trends_prev_month', 'bitcoin_Low_prev_month', 'bitcoin_Price_prev_month', 'alibaba_Price_prev_month', 'amazon_High_prev_month', 'economy_pos_sents_prev_month')",6
54,0.4572841069522835,4505.902836206553,0.9108464232208877,2024.5837331828463,0.02971401310880799,5949.841970324152,"('bitcoin_Google_Trends_prev_month', 'bitcoin_Low_prev_month', 'bitcoin_Price_prev_month', 'alibaba_High_prev_month', 'amazon_High_prev_month', 'economy_pos_sents_prev_month')",6
55,0.437012220023488,4809.827838778355,-0.8527446344245715,5370.060184006494,0.35803624705066794,6193.011309932954,"('bitcoin_Google_Trends_prev_month', 'bitcoin_Low_prev_month', 'cryptocurrency_Google_Trends_prev_month', 'alibaba_Low_prev_month', 'alibaba_Price_prev_month', 'alibaba_High_prev_month')",6
56,0.4881100020235518,4073.3196464205644,0.17530927342931846,5284.703040336921,-0.6569045579770957,5155.44270935338,"('bitcoin_Google_Trends_prev_month', 'bitcoin_Low_prev_month', 'cryptocurrency_Google_Trends_prev_month', 'alibaba_Low_prev_month', 'alibaba_Price_prev_month', 'amazon_High_prev_month')",6
57,0.42182916769934764,4556.256351554368,0.7874959627954673,1701.863160852828,-0.21523404448138328,6886.981371286416,"('bitcoin_Google_Trends_prev_month', 'bitcoin_Low_prev_month', 'cryptocurrency_Google_Trends_prev_month', 'alibaba_Low_prev_month', 'alibaba_Price_prev_month', 'economy_pos_sents_prev_month')",6
58,0.4288769808943385,4641.39995132679,0.1959398017478842,4833.457034511558,-0.713373901372605,5528.865210826808,"('bitcoin_Google_Trends_prev_month', 'bitcoin_Low_prev_month', 'cryptocurrency_Google_Trends_prev_month', 'alibaba_Low_prev_month', 'alibaba_High_prev_month', 'amazon_High_prev_month')",6
59,0.426041304373984,4631.5313328893435,0.7425957231890039,1275.307688575953,-0.3163716471472587,6719.4061654414745,"('bitcoin_Google_Trends_prev_month', 'bitcoin_Low_prev_month', 'cryptocurrency_Google_Trends_prev_month', 'alibaba_Low_prev_month', 'alibaba_High_prev_month', 'economy_pos_sents_prev_month')",6
60,0.3945793619806537,4418.625339310982,-0.0029399926336417504,6524.109672271766,0.2977439742239811,4315.2671992723845,"('bitcoin_Google_Trends_prev_month', 'bitcoin_Low_prev_month', 'cryptocurrency_Google_Trends_prev_month', 'alibaba_Low_prev_month', 'amazon_High_prev_month', 'economy_pos_sents_prev_month')",6
61,0.4400700531715875,4746.377716125482,-0.9018392764972477,7247.019210460075,-0.26335476572765043,5584.194305732571,"('bitcoin_Google_Trends_prev_month', 'bitcoin_Low_prev_month', 'cryptocurrency_Google_Trends_prev_month', 'alibaba_Price_prev_month', 'alibaba_High_prev_month', 'amazon_High_prev_month')",6
62,0.42831535116039166,4653.051554385973,0.7454765641002458,1179.0246945738188,-0.5865254498220491,6978.666693400139,"('bitcoin_Google_Trends_prev_month', 'bitcoin_Low_prev_month', 'cryptocurrency_Google_Trends_prev_month', 'alibaba_Price_prev_month', 'alibaba_High_prev_month', 'economy_pos_sents_prev_month')",6
63,0.48578287615145477,4858.365054073427,0.7498653446802911,3005.9148216615695,0.5191659848813308,3726.4561028887288,"('bitcoin_Google_Trends_prev_month', 'bitcoin_Low_prev_month', 'cryptocurrency_Google_Trends_prev_month', 'alibaba_Price_prev_month', 'amazon_High_prev_month', 'economy_pos_sents_prev_month')",6
64,0.2649238955486984,15268.011359884737,0.8468787745540983,1921.0182260704896,-0.45720112862526036,5659.143961072505,"('bitcoin_Google_Trends_prev_month', 'bitcoin_Low_prev_month', 'cryptocurrency_Google_Trends_prev_month', 'alibaba_High_prev_month', 'amazon_High_prev_month', 'economy_pos_sents_prev_month')",6
65,0.3323143700287295,8029.441871537058,-0.7489366232434073,7716.482294628533,0.14885023845556386,6442.058223620852,"('bitcoin_Google_Trends_prev_month', 'bitcoin_Low_prev_month', 'alibaba_Low_prev_month', 'alibaba_Price_prev_month', 'alibaba_High_prev_month', 'amazon_High_prev_month')",6
66,0.462602898650106,4276.639035513352,-0.7918548314594398,5049.922781267609,0.6842504930981951,5462.0861296169805,"('bitcoin_Google_Trends_prev_month', 'bitcoin_Low_prev_month', 'alibaba_Low_prev_month', 'alibaba_Price_prev_month', 'alibaba_High_prev_month', 'economy_pos_sents_prev_month')",6
67,0.45202616997602274,4711.856987612604,0.553664044898763,3428.4570901964394,0.06501422141669516,6205.642503058117,"('bitcoin_Google_Trends_prev_month', 'bitcoin_Low_prev_month', 'alibaba_Low_prev_month', 'alibaba_Price_prev_month', 'amazon_High_prev_month', 'economy_pos_sents_prev_month')",6
68,0.4472308231976185,4525.096248249212,-0.22084103210866413,4882.254245561346,0.3534785780072976,6084.80959516763,"('bitcoin_Google_Trends_prev_month', 'bitcoin_Low_prev_month', 'alibaba_Low_prev_month', 'alibaba_High_prev_month', 'amazon_High_prev_month', 'economy_pos_sents_prev_month')",6
69,0.3494021143365695,5079.94616825754,0.03224861888566384,4207.152027634448,-0.7074761051374121,7615.448284251052,"('bitcoin_Google_Trends_prev_month', 'bitcoin_Low_prev_month', 'alibaba_Price_prev_month', 'alibaba_High_prev_month', 'amazon_High_prev_month', 'economy_pos_sents_prev_month')",6
70,0.4132967867502016,4505.660621862802,0.8299650241742444,906.8998375598443,-0.609809295851375,6170.4547323332035,"('bitcoin_Google_Trends_prev_month', 'bitcoin_High_prev_month', 'bitcoin_Price_prev_month', 'cryptocurrency_Google_Trends_prev_month', 'alibaba_Low_prev_month', 'alibaba_Price_prev_month')",6
71,0.42771885972027446,4599.48458625656,-0.8661588477517816,6506.339683009838,-0.6154614843669668,8073.837608621214,"('bitcoin_Google_Trends_prev_month', 'bitcoin_High_prev_month', 'bitcoin_Price_prev_month', 'cryptocurrency_Google_Trends_prev_month', 'alibaba_Low_prev_month', 'alibaba_High_prev_month')",6
72,0.40788798818211813,4867.909326347103,0.3444912304724825,4792.452274754215,-0.8524168927667233,5955.916793960062,"('bitcoin_Google_Trends_prev_month', 'bitcoin_High_prev_month', 'bitcoin_Price_prev_month', 'cryptocurrency_Google_Trends_prev_month', 'alibaba_Low_prev_month', 'amazon_High_prev_month')",6
73,0.4236866710059033,4594.513092587604,0.7816949329906547,1692.7710062819353,-0.5960091604250183,8409.745275987412,"('bitcoin_Google_Trends_prev_month', 'bitcoin_High_prev_month', 'bitcoin_Price_prev_month', 'cryptocurrency_Google_Trends_prev_month', 'alibaba_Low_prev_month', 'economy_pos_sents_prev_month')",6
74,0.4261253188663243,4600.222233873057,0.7829886007455448,1636.1876034394656,-0.7025076298038554,5940.021160357048,"('bitcoin_Google_Trends_prev_month', 'bitcoin_High_prev_month', 'bitcoin_Price_prev_month', 'cryptocurrency_Google_Trends_prev_month', 'alibaba_Price_prev_month', 'alibaba_High_prev_month')",6
75,0.43402095991918094,4232.171803865408,0.5378519546275377,3964.726771338308,-0.8097535510941147,6143.350367092261,"('bitcoin_Google_Trends_prev_month', 'bitcoin_High_prev_month', 'bitcoin_Price_prev_month', 'cryptocurrency_Google_Trends_prev_month', 'alibaba_Price_prev_month', 'amazon_High_prev_month')",6
76,0.42056118249794844,4509.914520333531,-0.8508187688857289,7305.0185065971355,-0.3789097445210845,6532.659518161531,"('bitcoin_Google_Trends_prev_month', 'bitcoin_High_prev_month', 'bitcoin_Price_prev_month', 'cryptocurrency_Google_Trends_prev_month', 'alibaba_Price_prev_month', 'economy_pos_sents_prev_month')",6
77,0.4298564860365915,4321.756880740755,0.8088856459046788,1030.2228751350908,-0.8288281671971306,5997.717362893059,"('bitcoin_Google_Trends_prev_month', 'bitcoin_High_prev_month', 'bitcoin_Price_prev_month', 'cryptocurrency_Google_Trends_prev_month', 'alibaba_High_prev_month', 'amazon_High_prev_month')",6
78,0.421998395943687,4548.426397724641,0.7748302235229578,1570.9628629654856,-0.6526237740562905,6828.095430766334,"('bitcoin_Google_Trends_prev_month', 'bitcoin_High_prev_month', 'bitcoin_Price_prev_month', 'cryptocurrency_Google_Trends_prev_month', 'alibaba_High_prev_month', 'economy_pos_sents_prev_month')",6
79,0.3243520345847531,10252.851743970325,0.10733723438793577,6794.288111404891,-0.48211361651404194,5494.6212304822,"('bitcoin_Google_Trends_prev_month', 'bitcoin_High_prev_month', 'bitcoin_Price_prev_month', 'cryptocurrency_Google_Trends_prev_month', 'amazon_High_prev_month', 'economy_pos_sents_prev_month')",6
80,0.4654330387638862,4913.488199359552,-0.8598854691811086,9240.587595458235,-0.48026445643221904,7089.027749041702,"('bitcoin_Google_Trends_prev_month', 'bitcoin_High_prev_month', 'bitcoin_Price_prev_month', 'alibaba_Low_prev_month', 'alibaba_Price_prev_month', 'alibaba_High_prev_month')",6
81,0.42316285826393957,4419.217725384839,0.7163077286633113,2811.4072936328876,0.4156655883282421,6278.127837731877,"('bitcoin_Google_Trends_prev_month', 'bitcoin_High_prev_month', 'bitcoin_Price_prev_month', 'alibaba_Low_prev_month', 'alibaba_Price_prev_month', 'amazon_High_prev_month')",6
82,0.4599607765489476,4629.171817722597,-0.8332414480021856,6562.190584717503,-0.3489109271241374,7031.026854259222,"('bitcoin_Google_Trends_prev_month', 'bitcoin_High_prev_month', 'bitcoin_Price_prev_month', 'alibaba_Low_prev_month', 'alibaba_Price_prev_month', 'economy_pos_sents_prev_month')",6
83,0.4428453811400759,4585.1108080569875,-0.9104579451154293,8973.595814883463,0.14349786778677792,6078.918189462169,"('bitcoin_Google_Trends_prev_month', 'bitcoin_High_prev_month', 'bitcoin_Price_prev_month', 'alibaba_Low_prev_month', 'alibaba_High_prev_month', 'amazon_High_prev_month')",6
84,0.4480507008738071,4569.210952252683,0.7419962554188836,2193.6349073254455,-0.47079138723924013,7080.009418331429,"('bitcoin_Google_Trends_prev_month', 'bitcoin_High_prev_month', 'bitcoin_Price_prev_month', 'alibaba_Low_prev_month', 'alibaba_High_prev_month', 'economy_pos_sents_prev_month')",6
85,0.4412851360259746,4579.312772600623,0.8274659920700143,3005.219196736698,-0.26821526792514483,6448.645486838001,"('bitcoin_Google_Trends_prev_month', 'bitcoin_High_prev_month', 'bitcoin_Price_prev_month', 'alibaba_Low_prev_month', 'amazon_High_prev_month', 'economy_pos_sents_prev_month')",6
86,0.4510371959994661,4700.821748202877,-0.9291301713700537,11226.814492719463,-0.7418987332524133,8646.329149584208,"('bitcoin_Google_Trends_prev_month', 'bitcoin_High_prev_month', 'bitcoin_Price_prev_month', 'alibaba_Price_prev_month', 'alibaba_High_prev_month', 'amazon_High_prev_month')",6
87,0.4550828907273487,4770.961142285954,-0.7235462882761393,4641.414907264016,-0.330550806851253,7064.438797894075,"('bitcoin_Google_Trends_prev_month', 'bitcoin_High_prev_month', 'bitcoin_Price_prev_month', 'alibaba_Price_prev_month', 'alibaba_High_prev_month', 'economy_pos_sents_prev_month')",6
88,0.44644007558632065,4653.617657408314,0.7762424296869961,3208.348467248325,-0.23762154650480877,6271.268242263029,"('bitcoin_Google_Trends_prev_month', 'bitcoin_High_prev_month', 'bitcoin_Price_prev_month', 'alibaba_Price_prev_month', 'amazon_High_prev_month', 'economy_pos_sents_prev_month')",6
89,0.43994441524220235,4539.668522919739,0.9024146084209288,2159.393005775153,-0.5311533470071567,5202.557535411,"('bitcoin_Google_Trends_prev_month', 'bitcoin_High_prev_month', 'bitcoin_Price_prev_month', 'alibaba_High_prev_month', 'amazon_High_prev_month', 'economy_pos_sents_prev_month')",6
90,0.40035544968462355,4579.731591607364,-0.8880203417876588,22596.846335541144,0.40770952048315345,6086.130032567205,"('bitcoin_Google_Trends_prev_month', 'bitcoin_High_prev_month', 'cryptocurrency_Google_Trends_prev_month', 'alibaba_Low_prev_month', 'alibaba_Price_prev_month', 'alibaba_High_prev_month')",6
91,0.3977133161207482,4539.453907423386,-0.8107306711072666,7828.974584198659,0.2994758432640979,6212.673678189245,"('bitcoin_Google_Trends_prev_month', 'bitcoin_High_prev_month', 'cryptocurrency_Google_Trends_prev_month', 'alibaba_Low_prev_month', 'alibaba_Price_prev_month', 'amazon_High_prev_month')",6
92,0.3948653767272957,4441.126981073146,-0.6031841624885379,4343.737042397117,-0.6582283346223536,6944.869159359397,"('bitcoin_Google_Trends_prev_month', 'bitcoin_High_prev_month', 'cryptocurrency_Google_Trends_prev_month', 'alibaba_Low_prev_month', 'alibaba_Price_prev_month', 'economy_pos_sents_prev_month')",6
93,0.4082972897471945,4695.449699949494,-0.8016862104724871,8441.460578728067,0.12171997280345814,6093.578858456424,"('bitcoin_Google_Trends_prev_month', 'bitcoin_High_prev_month', 'cryptocurrency_Google_Trends_prev_month', 'alibaba_Low_prev_month', 'alibaba_High_prev_month', 'amazon_High_prev_month')",6
94,0.4072812413821521,4697.851541411442,-0.6271940677534364,4657.012560678353,-0.670366384190277,7071.558816733949,"('bitcoin_Google_Trends_prev_month', 'bitcoin_High_prev_month', 'cryptocurrency_Google_Trends_prev_month', 'alibaba_Low_prev_month', 'alibaba_High_prev_month', 'economy_pos_sents_prev_month')",6
95,0.40379137227745393,4751.0805621323425,0.9105813644867456,1644.5749126149892,-0.5405585881941727,5488.0866137915755,"('bitcoin_Google_Trends_prev_month', 'bitcoin_High_prev_month', 'cryptocurrency_Google_Trends_prev_month', 'alibaba_Low_prev_month', 'amazon_High_prev_month', 'economy_pos_sents_prev_month')",6
96,0.5101576982263262,4721.52587139119,0.4725921433487797,3865.5062243766047,0.520112842102819,4514.470809174947,"('bitcoin_Google_Trends_prev_month', 'bitcoin_High_prev_month', 'cryptocurrency_Google_Trends_prev_month', 'alibaba_Price_prev_month', 'alibaba_High_prev_month', 'amazon_High_prev_month')",6
97,0.367976149390856,4636.28690513234,0.7724770367754684,1383.940718609461,-0.5468322128030199,6809.026796314565,"('bitcoin_Google_Trends_prev_month', 'bitcoin_High_prev_month', 'cryptocurrency_Google_Trends_prev_month', 'alibaba_Price_prev_month', 'alibaba_High_prev_month', 'economy_pos_sents_prev_month')",6
98,0.3867142878777429,4672.661929448841,0.8208260427992901,1995.026302715911,-0.38089717467864403,6884.274962710939,"('bitcoin_Google_Trends_prev_month', 'bitcoin_High_prev_month', 'cryptocurrency_Google_Trends_prev_month', 'alibaba_Price_prev_month', 'amazon_High_prev_month', 'economy_pos_sents_prev_month')",6
99,0.28920179234932447,4879.941077680273,0.8240151026072612,1671.2655675909127,-0.6096260964824184,5735.877687443558,"('bitcoin_Google_Trends_prev_month', 'bitcoin_High_prev_month', 'cryptocurrency_Google_Trends_prev_month', 'alibaba_High_prev_month', 'amazon_High_prev_month', 'economy_pos_sents_prev_month')",6
100,0.4558025788008452,4507.788261988501,-0.7546932404519539,8236.149285909481,0.47229571791780267,5670.8337397019495,"('bitcoin_Google_Trends_prev_month', 'bitcoin_High_prev_month', 'alibaba_Low_prev_month', 'alibaba_Price_prev_month', 'alibaba_High_prev_month', 'amazon_High_prev_month')",6
101,0.3879102742926873,5074.561248459339,-0.8451820335016096,8091.071299199615,-0.5930629587741628,6742.143745619575,"('bitcoin_Google_Trends_prev_month', 'bitcoin_High_prev_month', 'alibaba_Low_prev_month', 'alibaba_Price_prev_month', 'alibaba_High_prev_month', 'economy_pos_sents_prev_month')",6
102,0.4077437231367751,4659.557018458854,-0.014852303355268276,4164.527878459584,-0.319157319896097,6796.444601585149,"('bitcoin_Google_Trends_prev_month', 'bitcoin_High_prev_month', 'alibaba_Low_prev_month', 'alibaba_Price_prev_month', 'amazon_High_prev_month', 'economy_pos_sents_prev_month')",6
103,0.3933981766602398,4488.627054712445,0.2567363981804697,3950.1680455191145,-0.1893894674514008,6858.351948377498,"('bitcoin_Google_Trends_prev_month', 'bitcoin_High_prev_month', 'alibaba_Low_prev_month', 'alibaba_High_prev_month', 'amazon_High_prev_month', 'economy_pos_sents_prev_month')",6
104,0.4730017234600921,4328.023997648508,-0.39791343120652145,5254.272059099656,-0.148822535530636,4995.685448818583,"('bitcoin_Google_Trends_prev_month', 'bitcoin_High_prev_month', 'alibaba_Price_prev_month', 'alibaba_High_prev_month', 'amazon_High_prev_month', 'economy_pos_sents_prev_month')",6
105,0.4547367317397021,4774.312236151048,-0.8607813778276421,7265.100045088603,-0.6273589753491117,9108.070890266756,"('bitcoin_Google_Trends_prev_month', 'bitcoin_Price_prev_month', 'cryptocurrency_Google_Trends_prev_month', 'alibaba_Low_prev_month', 'alibaba_Price_prev_month', 'alibaba_High_prev_month')",6
106,0.6153999994218252,4313.391039888497,0.20428129802883205,4949.918658118433,-0.5807764132400759,5589.375972932728,"('bitcoin_Google_Trends_prev_month', 'bitcoin_Price_prev_month', 'cryptocurrency_Google_Trends_prev_month', 'alibaba_Low_prev_month', 'alibaba_Price_prev_month', 'amazon_High_prev_month')",6
107,0.4275987314918965,4252.276637923728,-0.11945982749093388,3546.899354761727,-0.5880719026584371,6441.180113444935,"('bitcoin_Google_Trends_prev_month', 'bitcoin_Price_prev_month', 'cryptocurrency_Google_Trends_prev_month', 'alibaba_Low_prev_month', 'alibaba_Price_prev_month', 'economy_pos_sents_prev_month')",6
108,0.4516613968339847,4618.353411740207,0.18611454998121177,5102.703942244756,-0.8367138492740227,6021.40983375648,"('bitcoin_Google_Trends_prev_month', 'bitcoin_Price_prev_month', 'cryptocurrency_Google_Trends_prev_month', 'alibaba_Low_prev_month', 'alibaba_High_prev_month', 'amazon_High_prev_month')",6
109,0.4447861310431288,4546.534877986418,0.7648175963643282,1946.0627642024754,-0.5818294466579275,8392.702975838525,"('bitcoin_Google_Trends_prev_month', 'bitcoin_Price_prev_month', 'cryptocurrency_Google_Trends_prev_month', 'alibaba_Low_prev_month', 'alibaba_High_prev_month', 'economy_pos_sents_prev_month')",6
110,0.3795260019323924,4735.739345206303,0.8360377446899352,1574.610284979323,0.19539176662468632,4413.082051228725,"('bitcoin_Google_Trends_prev_month', 'bitcoin_Price_prev_month', 'cryptocurrency_Google_Trends_prev_month', 'alibaba_Low_prev_month', 'amazon_High_prev_month', 'economy_pos_sents_prev_month')",6
111,0.45773466434139937,4587.243330301535,-0.7612291700220081,3976.7972115800126,-0.66053383261293,7696.3674400713035,"('bitcoin_Google_Trends_prev_month', 'bitcoin_Price_prev_month', 'cryptocurrency_Google_Trends_prev_month', 'alibaba_Price_prev_month', 'alibaba_High_prev_month', 'amazon_High_prev_month')",6
112,0.4525562409007494,4650.774710293539,0.8015716594803513,1324.7570212625153,-0.5503157062653438,6738.7713592217515,"('bitcoin_Google_Trends_prev_month', 'bitcoin_Price_prev_month', 'cryptocurrency_Google_Trends_prev_month', 'alibaba_Price_prev_month', 'alibaba_High_prev_month', 'economy_pos_sents_prev_month')",6
113,0.4845919915081824,5797.2285110671755,0.8428114939756419,1955.438374233614,0.5168255408107888,3951.704637278999,"('bitcoin_Google_Trends_prev_month', 'bitcoin_Price_prev_month', 'cryptocurrency_Google_Trends_prev_month', 'alibaba_Price_prev_month', 'amazon_High_prev_month', 'economy_pos_sents_prev_month')",6
114,0.3868377273941233,4370.0793673716935,0.8261131911326302,1349.6507867498403,0.612903420660987,5032.660559776087,"('bitcoin_Google_Trends_prev_month', 'bitcoin_Price_prev_month', 'cryptocurrency_Google_Trends_prev_month', 'alibaba_High_prev_month', 'amazon_High_prev_month', 'economy_pos_sents_prev_month')",6
115,0.4594159364043077,4280.737113917472,-0.44064384409677987,6010.172326199198,0.16583163719712707,5983.03073275406,"('bitcoin_Google_Trends_prev_month', 'bitcoin_Price_prev_month', 'alibaba_Low_prev_month', 'alibaba_Price_prev_month', 'alibaba_High_prev_month', 'amazon_High_prev_month')",6
116,0.4797449906809226,4557.9767493126565,0.14592321167233524,3377.0188677733245,-0.541569051735039,7493.369186699573,"('bitcoin_Google_Trends_prev_month', 'bitcoin_Price_prev_month', 'alibaba_Low_prev_month', 'alibaba_Price_prev_month', 'alibaba_High_prev_month', 'economy_pos_sents_prev_month')",6
117,0.46906796023568925,4603.27176459356,0.5129889068889834,3458.469366520266,-0.03183552146166063,6389.128489209557,"('bitcoin_Google_Trends_prev_month', 'bitcoin_Price_prev_month', 'alibaba_Low_prev_month', 'alibaba_Price_prev_month', 'amazon_High_prev_month', 'economy_pos_sents_prev_month')",6
118,0.48156397566522813,4645.142567094804,0.7607543210767106,3119.0929599520014,0.0641098091747053,6452.730022237261,"('bitcoin_Google_Trends_prev_month', 'bitcoin_Price_prev_month', 'alibaba_Low_prev_month', 'alibaba_High_prev_month', 'amazon_High_prev_month', 'economy_pos_sents_prev_month')",6
119,0.4771682046429645,4303.592892334604,0.44361789255342793,4326.650455447746,0.11623537122038949,6043.754986614036,"('bitcoin_Google_Trends_prev_month', 'bitcoin_Price_prev_month', 'alibaba_Price_prev_month', 'alibaba_High_prev_month', 'amazon_High_prev_month', 'economy_pos_sents_prev_month')",6
120,0.4396778812815941,5095.353376988094,-0.9104749747502473,10903.47553519722,0.6826903770297137,6776.637204133848,"('bitcoin_Google_Trends_prev_month', 'cryptocurrency_Google_Trends_prev_month', 'alibaba_Low_prev_month', 'alibaba_Price_prev_month', 'alibaba_High_prev_month', 'amazon_High_prev_month')",6
121,0.4279925886166924,4656.473654087904,-0.7261222827523487,5675.534577188714,-0.4667305289168679,7930.699179218568,"('bitcoin_Google_Trends_prev_month', 'cryptocurrency_Google_Trends_prev_month', 'alibaba_Low_prev_month', 'alibaba_Price_prev_month', 'alibaba_High_prev_month', 'economy_pos_sents_prev_month')",6
122,0.4594796180244277,5392.339207266703,0.7026167920960209,2655.1514217594463,0.44021671689764613,2870.9401291819695,"('bitcoin_Google_Trends_prev_month', 'cryptocurrency_Google_Trends_prev_month', 'alibaba_Low_prev_month', 'alibaba_Price_prev_month', 'amazon_High_prev_month', 'economy_pos_sents_prev_month')",6
123,0.4267473899016108,5994.783333772414,0.6185283870757703,3894.6328781999414,0.552907917033063,3388.0878465625924,"('bitcoin_Google_Trends_prev_month', 'cryptocurrency_Google_Trends_prev_month', 'alibaba_Low_prev_month', 'alibaba_High_prev_month', 'amazon_High_prev_month', 'economy_pos_sents_prev_month')",6
124,0.45115746107008625,4959.676335385927,0.8621155023553199,987.799330901147,0.02277113875211552,6805.961196809802,"('bitcoin_Google_Trends_prev_month', 'cryptocurrency_Google_Trends_prev_month', 'alibaba_Price_prev_month', 'alibaba_High_prev_month', 'amazon_High_prev_month', 'economy_pos_sents_prev_month')",6
125,-0.4512085240812288,7108.575808415454,0.7123688781467269,1904.4536528019364,0.07661928600643421,3034.3792329243465,"('bitcoin_Google_Trends_prev_month', 'alibaba_Low_prev_month', 'alibaba_Price_prev_month', 'alibaba_High_prev_month', 'amazon_High_prev_month', 'economy_pos_sents_prev_month')",6
126,0.36180774570528673,5801.863418441852,-0.8427275819610401,6663.260298762187,0.4015262855210162,4801.696874607938,"('bitcoin_Low_prev_month', 'bitcoin_High_prev_month', 'bitcoin_Price_prev_month', 'cryptocurrency_Google_Trends_prev_month', 'alibaba_Low_prev_month', 'alibaba_Price_prev_month')",6
127,-0.10573966823065632,6608.4432087280475,-0.8636551031844075,7495.743210337008,-0.07665261552251638,6162.186259575717,"('bitcoin_Low_prev_month', 'bitcoin_High_prev_month', 'bitcoin_Price_prev_month', 'cryptocurrency_Google_Trends_prev_month', 'alibaba_Low_prev_month', 'alibaba_High_prev_month')",6
128,0.3573068148498049,4969.948916513951,0.8618911869573288,2578.8715240570878,-0.7316789699683847,5335.682230330432,"('bitcoin_Low_prev_month', 'bitcoin_High_prev_month', 'bitcoin_Price_prev_month', 'cryptocurrency_Google_Trends_prev_month', 'alibaba_Low_prev_month', 'amazon_High_prev_month')",6
129,0.4282729860508605,4663.684629081363,0.8046558801704367,1448.9506697271727,-0.529397997708541,6899.792975091399,"('bitcoin_Low_prev_month', 'bitcoin_High_prev_month', 'bitcoin_Price_prev_month', 'cryptocurrency_Google_Trends_prev_month', 'alibaba_Low_prev_month', 'economy_pos_sents_prev_month')",6
130,-0.2898640289685097,7195.675093779825,-0.8583726542820007,5321.327417551163,-0.6987023850359574,5892.093816721315,"('bitcoin_Low_prev_month', 'bitcoin_High_prev_month', 'bitcoin_Price_prev_month', 'cryptocurrency_Google_Trends_prev_month', 'alibaba_Price_prev_month', 'alibaba_High_prev_month')",6
131,0.2983732182744676,5092.5218205811925,0.8612750050145428,2795.5425715949455,-0.7447033953746592,5342.773798953212,"('bitcoin_Low_prev_month', 'bitcoin_High_prev_month', 'bitcoin_Price_prev_month', 'cryptocurrency_Google_Trends_prev_month', 'alibaba_Price_prev_month', 'amazon_High_prev_month')",6
132,0.4347091795834189,4582.020393787834,0.6115775254896316,2722.4925061440877,-0.4683710331397118,7033.487731182999,"('bitcoin_Low_prev_month', 'bitcoin_High_prev_month', 'bitcoin_Price_prev_month', 'cryptocurrency_Google_Trends_prev_month', 'alibaba_Price_prev_month', 'economy_pos_sents_prev_month')",6
133,0.5946701953568184,5041.529833267011,0.8600388220991139,2810.581005777677,-0.7605047899069588,5370.79266907861,"('bitcoin_Low_prev_month', 'bitcoin_High_prev_month', 'bitcoin_Price_prev_month', 'cryptocurrency_Google_Trends_prev_month', 'alibaba_High_prev_month', 'amazon_High_prev_month')",6
134,0.42452956120493496,4726.970154951003,0.7739315417961615,1629.6535413968809,-0.4698083931454715,7037.1083553029775,"('bitcoin_Low_prev_month', 'bitcoin_High_prev_month', 'bitcoin_Price_prev_month', 'cryptocurrency_Google_Trends_prev_month', 'alibaba_High_prev_month', 'economy_pos_sents_prev_month')",6
135,0.4808120172447693,5283.793329385927,-0.8990061753868595,11457.357343954725,-0.583123250938834,5916.1518620667375,"('bitcoin_Low_prev_month', 'bitcoin_High_prev_month', 'bitcoin_Price_prev_month', 'cryptocurrency_Google_Trends_prev_month', 'amazon_High_prev_month', 'economy_pos_sents_prev_month')",6
136,0.3861437641296368,4311.411315942882,-0.8684425171021695,5436.455556270226,0.6607976123627153,5788.419572760056,"('bitcoin_Low_prev_month', 'bitcoin_High_prev_month', 'bitcoin_Price_prev_month', 'alibaba_Low_prev_month', 'alibaba_Price_prev_month', 'alibaba_High_prev_month')",6
137,0.46333267460266303,4167.072468493297,-0.7870834655859426,8275.973636544102,0.3736813612593169,6277.011367706677,"('bitcoin_Low_prev_month', 'bitcoin_High_prev_month', 'bitcoin_Price_prev_month', 'alibaba_Low_prev_month', 'alibaba_Price_prev_month', 'amazon_High_prev_month')",6
138,0.4405574653856617,4500.94881455487,-0.8206167925309232,6093.529676911877,-0.14980608816894364,5533.779462945113,"('bitcoin_Low_prev_month', 'bitcoin_High_prev_month', 'bitcoin_Price_prev_month', 'alibaba_Low_prev_month', 'alibaba_Price_prev_month', 'economy_pos_sents_prev_month')",6
139,0.4303555564631673,4578.320764177932,0.6098226615032276,3732.446322775278,0.7991597574096603,5058.593056627337,"('bitcoin_Low_prev_month', 'bitcoin_High_prev_month', 'bitcoin_Price_prev_month', 'alibaba_Low_prev_month', 'alibaba_High_prev_month', 'amazon_High_prev_month')",6
140,0.4474751524824391,4558.710816027241,0.7807247301929201,1355.065416686582,-0.681791328190066,6352.324451927003,"('bitcoin_Low_prev_month', 'bitcoin_High_prev_month', 'bitcoin_Price_prev_month', 'alibaba_Low_prev_month', 'alibaba_High_prev_month', 'economy_pos_sents_prev_month')",6
141,0.4317380621533908,4590.707056366952,0.8995760515767508,2352.090900853225,-0.09866082455161897,5970.284957895312,"('bitcoin_Low_prev_month', 'bitcoin_High_prev_month', 'bitcoin_Price_prev_month', 'alibaba_Low_prev_month', 'amazon_High_prev_month', 'economy_pos_sents_prev_month')",6
142,0.42151359686600404,4503.958166983148,-0.7742614824821857,7254.188511183291,-0.05626222948997496,6006.929712721726,"('bitcoin_Low_prev_month', 'bitcoin_High_prev_month', 'bitcoin_Price_prev_month', 'alibaba_Price_prev_month', 'alibaba_High_prev_month', 'amazon_High_prev_month')",6
143,0.48773115540997697,5517.017081786762,0.745476729165937,2117.055620297577,-0.31051194269612625,7042.340153337864,"('bitcoin_Low_prev_month', 'bitcoin_High_prev_month', 'bitcoin_Price_prev_month', 'alibaba_Price_prev_month', 'alibaba_High_prev_month', 'economy_pos_sents_prev_month')",6
144,0.43547626426844954,4631.959674693638,0.9068196638704807,2110.7132494947327,-0.5423076964330165,5700.406490091925,"('bitcoin_Low_prev_month', 'bitcoin_High_prev_month', 'bitcoin_Price_prev_month', 'alibaba_Price_prev_month', 'amazon_High_prev_month', 'economy_pos_sents_prev_month')",6
145,0.4305485291180771,4549.028361505372,0.908646557065792,1398.8812246851815,-0.23066851929775695,6372.983771044878,"('bitcoin_Low_prev_month', 'bitcoin_High_prev_month', 'bitcoin_Price_prev_month', 'alibaba_High_prev_month', 'amazon_High_prev_month', 'economy_pos_sents_prev_month')",6
146,0.3990103980309061,4817.186784199934,-0.8545692321227001,9878.926345881126,0.4968158107074885,6428.040822203822,"('bitcoin_Low_prev_month', 'bitcoin_High_prev_month', 'cryptocurrency_Google_Trends_prev_month', 'alibaba_Low_prev_month', 'alibaba_Price_prev_month', 'alibaba_High_prev_month')",6
147,0.6342081029215595,5887.477385660289,-0.7874592181825392,7759.12762769002,-0.5186869394784471,6262.660705026128,"('bitcoin_Low_prev_month', 'bitcoin_High_prev_month', 'cryptocurrency_Google_Trends_prev_month', 'alibaba_Low_prev_month', 'alibaba_Price_prev_month', 'amazon_High_prev_month')",6
148,0.4016016142679996,4453.9540062034375,-0.7478813357138641,4903.448335062842,-0.3969925852649263,7177.871322999294,"('bitcoin_Low_prev_month', 'bitcoin_High_prev_month', 'cryptocurrency_Google_Trends_prev_month', 'alibaba_Low_prev_month', 'alibaba_Price_prev_month', 'economy_pos_sents_prev_month')",6
149,0.5334890790403906,4570.438559084479,0.8570887524917238,2959.5884763005906,-0.8244541922145835,5510.347151595397,"('bitcoin_Low_prev_month', 'bitcoin_High_prev_month', 'cryptocurrency_Google_Trends_prev_month', 'alibaba_Low_prev_month', 'alibaba_High_prev_month', 'amazon_High_prev_month')",6
150,0.43602342723711834,4807.500256797249,0.5719919586756391,2776.0122732112927,-0.4542314477674086,7183.43286967605,"('bitcoin_Low_prev_month', 'bitcoin_High_prev_month', 'cryptocurrency_Google_Trends_prev_month', 'alibaba_Low_prev_month', 'alibaba_High_prev_month', 'economy_pos_sents_prev_month')",6
151,0.4031182138702907,4215.953243688126,0.7758002795430293,1327.217290316941,-0.5859199823952281,7831.114933673591,"('bitcoin_Low_prev_month', 'bitcoin_High_prev_month', 'cryptocurrency_Google_Trends_prev_month', 'alibaba_Low_prev_month', 'amazon_High_prev_month', 'economy_pos_sents_prev_month')",6
152,0.41432533717370745,4643.598177912639,-0.9276307094145695,9839.167537964171,0.0314842969504282,4090.6345290646054,"('bitcoin_Low_prev_month', 'bitcoin_High_prev_month', 'cryptocurrency_Google_Trends_prev_month', 'alibaba_Price_prev_month', 'alibaba_High_prev_month', 'amazon_High_prev_month')",6
153,0.4142637877156802,4601.1235272875365,0.6245186240994103,2640.6419669844354,-0.40815612305495275,7170.743337767622,"('bitcoin_Low_prev_month', 'bitcoin_High_prev_month', 'cryptocurrency_Google_Trends_prev_month', 'alibaba_Price_prev_month', 'alibaba_High_prev_month', 'economy_pos_sents_prev_month')",6
154,0.4130315667597201,4608.830230317679,0.8098491967696528,1504.9859165040086,-0.3688778455384014,5619.462758655434,"('bitcoin_Low_prev_month', 'bitcoin_High_prev_month', 'cryptocurrency_Google_Trends_prev_month', 'alibaba_Price_prev_month', 'amazon_High_prev_month', 'economy_pos_sents_prev_month')",6
155,0.4137814554915394,4633.912769413193,0.8214985944416808,1999.7999919382296,-0.23386289369021424,6135.596201069273,"('bitcoin_Low_prev_month', 'bitcoin_High_prev_month', 'cryptocurrency_Google_Trends_prev_month', 'alibaba_High_prev_month', 'amazon_High_prev_month', 'economy_pos_sents_prev_month')",6
156,0.4131231591977183,4436.476150828122,-0.7869566756271417,9197.135036141026,0.6683341088968162,6166.698276917981,"('bitcoin_Low_prev_month', 'bitcoin_High_prev_month', 'alibaba_Low_prev_month', 'alibaba_Price_prev_month', 'alibaba_High_prev_month', 'amazon_High_prev_month')",6
157,0.4347231836165798,5004.464214392224,-0.8940146843482569,30511.853276017893,0.09614788788187169,7066.199421220847,"('bitcoin_Low_prev_month', 'bitcoin_High_prev_month', 'alibaba_Low_prev_month', 'alibaba_Price_prev_month', 'alibaba_High_prev_month', 'economy_pos_sents_prev_month')",6
158,0.41038707559888804,4554.01386910236,0.392063114258989,3689.164268334301,-0.5631676928187234,7091.91217870882,"('bitcoin_Low_prev_month', 'bitcoin_High_prev_month', 'alibaba_Low_prev_month', 'alibaba_Price_prev_month', 'amazon_High_prev_month', 'economy_pos_sents_prev_month')",6
159,0.424001701876447,4634.631554130507,0.830465796274991,2973.7688628319775,-0.1820704201328294,6819.294383019698,"('bitcoin_Low_prev_month', 'bitcoin_High_prev_month', 'alibaba_Low_prev_month', 'alibaba_High_prev_month', 'amazon_High_prev_month', 'economy_pos_sents_prev_month')",6
160,0.4083359914424293,4348.828716722128,-0.6156726661024277,5633.6087988129,0.4074578543526684,5362.857335641584,"('bitcoin_Low_prev_month', 'bitcoin_High_prev_month', 'alibaba_Price_prev_month', 'alibaba_High_prev_month', 'amazon_High_prev_month', 'economy_pos_sents_prev_month')",6
161,0.46105540674557705,4510.779769431768,-0.8209491690970578,6035.733559777075,0.6318117036721078,6419.010570944648,"('bitcoin_Low_prev_month', 'bitcoin_Price_prev_month', 'cryptocurrency_Google_Trends_prev_month', 'alibaba_Low_prev_month', 'alibaba_Price_prev_month', 'alibaba_High_prev_month')",6
162,0.4674621999125761,4923.339951069451,0.7611082615179702,3152.7784733891262,0.49083459597532286,6105.287504426505,"('bitcoin_Low_prev_month', 'bitcoin_Price_prev_month', 'cryptocurrency_Google_Trends_prev_month', 'alibaba_Low_prev_month', 'alibaba_Price_prev_month', 'amazon_High_prev_month')",6
163,0.4558376662353656,4469.057474387853,0.7581752156996795,1949.9315563142284,-0.19401973780552367,6879.145629351652,"('bitcoin_Low_prev_month', 'bitcoin_Price_prev_month', 'cryptocurrency_Google_Trends_prev_month', 'alibaba_Low_prev_month', 'alibaba_Price_prev_month', 'economy_pos_sents_prev_month')",6
164,0.3363387447726095,4871.865656656364,-0.5777049112597482,5330.3777280620325,0.42149376167766295,5840.891396393142,"('bitcoin_Low_prev_month', 'bitcoin_Price_prev_month', 'cryptocurrency_Google_Trends_prev_month', 'alibaba_Low_prev_month', 'alibaba_High_prev_month', 'amazon_High_prev_month')",6
165,0.4619239176065062,4216.171172157025,0.8037335070808049,1198.7659364677652,-0.30534083428850944,6814.691510426549,"('bitcoin_Low_prev_month', 'bitcoin_Price_prev_month', 'cryptocurrency_Google_Trends_prev_month', 'alibaba_Low_prev_month', 'alibaba_High_prev_month', 'economy_pos_sents_prev_month')",6
166,0.4419876441580772,4598.062075087053,0.8094651524234243,1291.739948136871,0.0649976278737103,5934.431265374992,"('bitcoin_Low_prev_month', 'bitcoin_Price_prev_month', 'cryptocurrency_Google_Trends_prev_month', 'alibaba_Low_prev_month', 'amazon_High_prev_month', 'economy_pos_sents_prev_month')",6
167,0.42805660742987744,4435.890935445005,-0.9286921932014688,9736.658188796126,-0.6727738901916639,6689.621069543754,"('bitcoin_Low_prev_month', 'bitcoin_Price_prev_month', 'cryptocurrency_Google_Trends_prev_month', 'alibaba_Price_prev_month', 'alibaba_High_prev_month', 'amazon_High_prev_month')",6
168,0.5109788541778062,5327.050428535683,0.7533478521881768,1402.364653177601,-0.46452512831662723,6651.06625212303,"('bitcoin_Low_prev_month', 'bitcoin_Price_prev_month', 'cryptocurrency_Google_Trends_prev_month', 'alibaba_Price_prev_month', 'alibaba_High_prev_month', 'economy_pos_sents_prev_month')",6
169,0.5569997209667319,4674.650015414916,0.8795718306946035,913.5637050664404,0.7286580467777379,3468.399637925276,"('bitcoin_Low_prev_month', 'bitcoin_Price_prev_month', 'cryptocurrency_Google_Trends_prev_month', 'alibaba_Price_prev_month', 'amazon_High_prev_month', 'economy_pos_sents_prev_month')",6
170,0.455011672456801,4583.760757952661,0.7981296058884187,1139.4932202830737,-0.2523332942848474,5889.138347299279,"('bitcoin_Low_prev_month', 'bitcoin_Price_prev_month', 'cryptocurrency_Google_Trends_prev_month', 'alibaba_High_prev_month', 'amazon_High_prev_month', 'economy_pos_sents_prev_month')",6
171,0.46490792905591743,4524.908872852899,-0.9272642924622138,8639.729550147891,0.7173274190440259,5939.14624579918,"('bitcoin_Low_prev_month', 'bitcoin_Price_prev_month', 'alibaba_Low_prev_month', 'alibaba_Price_prev_month', 'alibaba_High_prev_month', 'amazon_High_prev_month')",6
172,0.5096338158930176,4993.414638027782,0.8020936030587758,1291.1275710319678,0.6680747722722425,5816.167718575518,"('bitcoin_Low_prev_month', 'bitcoin_Price_prev_month', 'alibaba_Low_prev_month', 'alibaba_Price_prev_month', 'alibaba_High_prev_month', 'economy_pos_sents_prev_month')",6
173,0.4745251344252706,4478.227210296876,0.8182606813986532,2714.4508492010104,0.006726785480026429,6349.75687701731,"('bitcoin_Low_prev_month', 'bitcoin_Price_prev_month', 'alibaba_Low_prev_month', 'alibaba_Price_prev_month', 'amazon_High_prev_month', 'economy_pos_sents_prev_month')",6
174,0.47077104389949226,4546.216010593871,0.8989912158564476,1980.6447844793613,0.1319412789860138,6301.816538469081,"('bitcoin_Low_prev_month', 'bitcoin_Price_prev_month', 'alibaba_Low_prev_month', 'alibaba_High_prev_month', 'amazon_High_prev_month', 'economy_pos_sents_prev_month')",6
175,0.5358706212952629,5464.197938151882,0.23886139116510674,3987.8907672266037,0.8160530943400379,1303.4281102944765,"('bitcoin_Low_prev_month', 'bitcoin_Price_prev_month', 'alibaba_Price_prev_month', 'alibaba_High_prev_month', 'amazon_High_prev_month', 'economy_pos_sents_prev_month')",6
176,0.45103813381962016,4722.212026036682,-0.737711750413474,8043.497993513429,0.7848724900997496,5700.394266487471,"('bitcoin_Low_prev_month', 'cryptocurrency_Google_Trends_prev_month', 'alibaba_Low_prev_month', 'alibaba_Price_prev_month', 'alibaba_High_prev_month', 'amazon_High_prev_month')",6
177,0.46195755934093735,4874.240136926865,0.8080354243989079,1073.6180266869192,-0.4894970968122997,7199.094571619374,"('bitcoin_Low_prev_month', 'cryptocurrency_Google_Trends_prev_month', 'alibaba_Low_prev_month', 'alibaba_Price_prev_month', 'alibaba_High_prev_month', 'economy_pos_sents_prev_month')",6
178,0.4501010658283885,4757.614343496731,0.892429690575806,1982.9649827036556,0.037977519237271946,6305.85556583479,"('bitcoin_Low_prev_month', 'cryptocurrency_Google_Trends_prev_month', 'alibaba_Low_prev_month', 'alibaba_Price_prev_month', 'amazon_High_prev_month', 'economy_pos_sents_prev_month')",6
179,0.4493566330989096,4515.764276729259,0.9040735444426427,1417.3601971148887,0.36422854638688285,5968.174642289219,"('bitcoin_Low_prev_month', 'cryptocurrency_Google_Trends_prev_month', 'alibaba_Low_prev_month', 'alibaba_High_prev_month', 'amazon_High_prev_month', 'economy_pos_sents_prev_month')",6
180,0.4361517561197085,4494.186914393976,0.8050804271160468,2701.9398322320153,0.5729752902807834,3276.3257586262835,"('bitcoin_Low_prev_month', 'cryptocurrency_Google_Trends_prev_month', 'alibaba_Price_prev_month', 'alibaba_High_prev_month', 'amazon_High_prev_month', 'economy_pos_sents_prev_month')",6
181,0.4321596046260187,4483.473501067593,0.0012687832793309023,5429.398844268162,0.6432919785854576,6042.786078837278,"('bitcoin_Low_prev_month', 'alibaba_Low_prev_month', 'alibaba_Price_prev_month', 'alibaba_High_prev_month', 'amazon_High_prev_month', 'economy_pos_sents_prev_month')",6
182,0.452552372438623,4811.327636540077,-0.8203642787528906,7484.79596667779,0.5303292532913886,6446.562764934952,"('bitcoin_High_prev_month', 'bitcoin_Price_prev_month', 'cryptocurrency_Google_Trends_prev_month', 'alibaba_Low_prev_month', 'alibaba_Price_prev_month', 'alibaba_High_prev_month')",6
183,0.34192603160749113,4642.0213124898455,-0.5652519784404965,5709.015229552989,0.4264864490679232,4461.572316755914,"('bitcoin_High_prev_month', 'bitcoin_Price_prev_month', 'cryptocurrency_Google_Trends_prev_month', 'alibaba_Low_prev_month', 'alibaba_Price_prev_month', 'amazon_High_prev_month')",6
184,0.42158647923070464,4473.197869748927,-0.1657675315102417,3571.950870461086,-0.36045803831675444,7180.310988634282,"('bitcoin_High_prev_month', 'bitcoin_Price_prev_month', 'cryptocurrency_Google_Trends_prev_month', 'alibaba_Low_prev_month', 'alibaba_Price_prev_month', 'economy_pos_sents_prev_month')",6
185,0.4393897168839641,4657.229596373809,0.652783640818781,3136.6278391566348,0.3520692962659311,5964.459738494709,"('bitcoin_High_prev_month', 'bitcoin_Price_prev_month', 'cryptocurrency_Google_Trends_prev_month', 'alibaba_Low_prev_month', 'alibaba_High_prev_month', 'amazon_High_prev_month')",6
186,0.44787238369534227,4663.319725574882,0.6528220451715292,2549.8697999136953,-0.4576574212741271,7255.623365666076,"('bitcoin_High_prev_month', 'bitcoin_Price_prev_month', 'cryptocurrency_Google_Trends_prev_month', 'alibaba_Low_prev_month', 'alibaba_High_prev_month', 'economy_pos_sents_prev_month')",6
187,0.4301050048462767,4632.84614419761,0.8041945111227711,1053.444760198467,0.21799517658392203,4268.036165986223,"('bitcoin_High_prev_month', 'bitcoin_Price_prev_month', 'cryptocurrency_Google_Trends_prev_month', 'alibaba_Low_prev_month', 'amazon_High_prev_month', 'economy_pos_sents_prev_month')",6
188,0.4117370461747038,4808.997144610911,-0.9274644984310367,7926.579111411262,-0.2943153914423788,5950.107606670721,"('bitcoin_High_prev_month', 'bitcoin_Price_prev_month', 'cryptocurrency_Google_Trends_prev_month', 'alibaba_Price_prev_month', 'alibaba_High_prev_month', 'amazon_High_prev_month')",6
189,0.4382019918966225,4770.391581378088,0.5839894876220876,2746.7267353763036,-0.502956877863649,9207.72101164586,"('bitcoin_High_prev_month', 'bitcoin_Price_prev_month', 'cryptocurrency_Google_Trends_prev_month', 'alibaba_Price_prev_month', 'alibaba_High_prev_month', 'economy_pos_sents_prev_month')",6
190,0.4293293220648762,4559.179752712938,0.782402775702073,1137.9198976956786,-0.05233885095676734,4454.42440806529,"('bitcoin_High_prev_month', 'bitcoin_Price_prev_month', 'cryptocurrency_Google_Trends_prev_month', 'alibaba_Price_prev_month', 'amazon_High_prev_month', 'economy_pos_sents_prev_month')",6
191,0.47016274392642937,3972.639623516041,0.7731872634172778,1016.5414312741688,-0.10623548262846802,4501.860365937554,"('bitcoin_High_prev_month', 'bitcoin_Price_prev_month', 'cryptocurrency_Google_Trends_prev_month', 'alibaba_High_prev_month', 'amazon_High_prev_month', 'economy_pos_sents_prev_month')",6
192,0.4161864047742778,4186.1338756579025,-0.7689379472426329,9416.726080574166,-0.6074686302505923,6477.347839414191,"('bitcoin_High_prev_month', 'bitcoin_Price_prev_month', 'alibaba_Low_prev_month', 'alibaba_Price_prev_month', 'alibaba_High_prev_month', 'amazon_High_prev_month')",6
193,0.44019102454183007,4421.332896835991,-0.8393224372382067,8272.48773272076,-0.5378307630970299,7059.157530659245,"('bitcoin_High_prev_month', 'bitcoin_Price_prev_month', 'alibaba_Low_prev_month', 'alibaba_Price_prev_month', 'alibaba_High_prev_month', 'economy_pos_sents_prev_month')",6
194,0.42010272465838777,4385.653824875307,-0.0792209431835732,4290.604295598809,-0.15504537601040036,6734.237494002982,"('bitcoin_High_prev_month', 'bitcoin_Price_prev_month', 'alibaba_Low_prev_month', 'alibaba_Price_prev_month', 'amazon_High_prev_month', 'economy_pos_sents_prev_month')",6
195,0.43902328694101095,4458.251554431041,-0.3802782108591848,4314.024468155551,0.39247476312525104,5635.9308960876015,"('bitcoin_High_prev_month', 'bitcoin_Price_prev_month', 'alibaba_Low_prev_month', 'alibaba_High_prev_month', 'amazon_High_prev_month', 'economy_pos_sents_prev_month')",6
196,0.432209435504154,4326.798542859766,-0.5342337134590703,6065.586821648503,-0.054163629814174906,6733.997418313262,"('bitcoin_High_prev_month', 'bitcoin_Price_prev_month', 'alibaba_Price_prev_month', 'alibaba_High_prev_month', 'amazon_High_prev_month', 'economy_pos_sents_prev_month')",6
197,0.39007985605787315,4839.52400305595,-0.7697689738058987,8898.384650113287,0.5613714969409834,5894.905623344495,"('bitcoin_High_prev_month', 'cryptocurrency_Google_Trends_prev_month', 'alibaba_Low_prev_month', 'alibaba_Price_prev_month', 'alibaba_High_prev_month', 'amazon_High_prev_month')",6
198,0.3815250458619782,4348.974784415039,-0.8254191099641197,6628.728197639874,-0.2727004497040216,7493.479705598982,"('bitcoin_High_prev_month', 'cryptocurrency_Google_Trends_prev_month', 'alibaba_Low_prev_month', 'alibaba_Price_prev_month', 'alibaba_High_prev_month', 'economy_pos_sents_prev_month')",6
199,0.40057454412014964,4687.527312869465,0.8096638076930304,2866.338578580123,-0.32105024746968913,6890.279940884173,"('bitcoin_High_prev_month', 'cryptocurrency_Google_Trends_prev_month', 'alibaba_Low_prev_month', 'alibaba_Price_prev_month', 'amazon_High_prev_month', 'economy_pos_sents_prev_month')",6
200,0.4043281729047007,4578.008147468159,0.8508738436080181,2821.5163699635627,-0.5159272053343094,6313.826728153685,"('bitcoin_High_prev_month', 'cryptocurrency_Google_Trends_prev_month', 'alibaba_Low_prev_month', 'alibaba_High_prev_month', 'amazon_High_prev_month', 'economy_pos_sents_prev_month')",6
201,0.38860037991217544,4711.166744741627,0.5375561538445404,3823.0209199214605,-0.15534686859134383,6837.100056864784,"('bitcoin_High_prev_month', 'cryptocurrency_Google_Trends_prev_month', 'alibaba_Price_prev_month', 'alibaba_High_prev_month', 'amazon_High_prev_month', 'economy_pos_sents_prev_month')",6
202,0.41793695816766,4443.025461444663,-0.793237662119479,5567.095623822122,0.050953175969125686,6994.36736384719,"('bitcoin_High_prev_month', 'alibaba_Low_prev_month', 'alibaba_Price_prev_month', 'alibaba_High_prev_month', 'amazon_High_prev_month', 'economy_pos_sents_prev_month')",6
203,0.46293437953620026,4473.198053182016,-0.5017604548709996,3022.6067545958877,0.15112601258334935,6424.983953586084,"('bitcoin_Price_prev_month', 'cryptocurrency_Google_Trends_prev_month', 'alibaba_Low_prev_month', 'alibaba_Price_prev_month', 'alibaba_High_prev_month', 'amazon_High_prev_month')",6
204,0.5223612721542435,5404.208077068081,0.709851277629637,1404.1551959865635,-0.16497969536743595,6894.326722948166,"('bitcoin_Price_prev_month', 'cryptocurrency_Google_Trends_prev_month', 'alibaba_Low_prev_month', 'alibaba_Price_prev_month', 'alibaba_High_prev_month', 'economy_pos_sents_prev_month')",6
205,0.45954736580496414,4530.765722973333,0.8506612123927251,2081.427621323203,0.7898876346160143,3960.6117767514556,"('bitcoin_Price_prev_month', 'cryptocurrency_Google_Trends_prev_month', 'alibaba_Low_prev_month', 'alibaba_Price_prev_month', 'amazon_High_prev_month', 'economy_pos_sents_prev_month')",6
206,0.4676382611824463,4662.805084408173,0.905968976182205,1607.6899257402954,0.03327579777893823,6462.5822154354155,"('bitcoin_Price_prev_month', 'cryptocurrency_Google_Trends_prev_month', 'alibaba_Low_prev_month', 'alibaba_High_prev_month', 'amazon_High_prev_month', 'economy_pos_sents_prev_month')",6
207,0.48192761397388617,4644.853375760743,0.8480646275954241,2369.832047519919,0.08798948578823317,6120.333907344641,"('bitcoin_Price_prev_month', 'cryptocurrency_Google_Trends_prev_month', 'alibaba_Price_prev_month', 'alibaba_High_prev_month', 'amazon_High_prev_month', 'economy_pos_sents_prev_month')",6
208,0.4715369093687851,4532.80297669651,-0.5438930699491108,6193.500189050561,0.6997443477539488,5717.821126358195,"('bitcoin_Price_prev_month', 'alibaba_Low_prev_month', 'alibaba_Price_prev_month', 'alibaba_High_prev_month', 'amazon_High_prev_month', 'economy_pos_sents_prev_month')",6
209,0.4530625077109126,5754.8902369627685,0.5230721075682954,4293.42663644079,0.11739531942495875,3354.3260356950564,"('cryptocurrency_Google_Trends_prev_month', 'alibaba_Low_prev_month', 'alibaba_Price_prev_month', 'alibaba_High_prev_month', 'amazon_High_prev_month', 'economy_pos_sents_prev_month')",6
